header,h2_production_rate,potential,current,soc_fuel_outlet_mole_frac_comp_H2,makeup_feed_rate,sweep_feed_rate,feed_heater_duty,feed_heater_outlet_temperature,fuel_outlet_temperature,sweep_heater_duty,sweep_heater_outlet_temperature,sweep_outlet_temperature,stack_core_temperature,fuel_recycle_ratio,sweep_recycle_ratio,oxygen_out,hydrogen_in,vgr_recycle_ratio,condenser_heat_duty,condenser_hot_outlet_temperature,makeup_mole_frac_comp_H2,makeup_mole_frac_comp_H2O,h2_production_rate_controller_gain_p,h2_production_rate_controller_gain_i
minimum_H2,0.400000043,1.141922158,-38287830.21,0.748999402,264.9080126,500.0000943,1000060.544,957.5339578,953.7220215,5551430.778,1066.174445,923.3955989,930.5036167,1,1,0.338625145,0.374537151,0.00010001,-2791639.925,323.15,1.00E-14,0.999,200,0.167
maximum_H2,2,1.321508935,-191439151,0.748999939,1324.539114,2261.014098,1000001.329,942.2212333,985.3387465,1000004.824,968.0334026,985.9509337,992.9985544,1,1,0.350000009,0.374537419,0.00010001,-15453103.4,323.15,1.00E-14,0.999,200,0.167
power,-0.9191892,0.885541324,87984400,0.620805129,630.603772,7006.177366,100000,952.1497399,963.1956808,100000,936.9772859,1012.960812,992.3074377,0.631647422,0.999999718,0.180742229,0.807210258,4.999999555,-28032429.36,323.15,0.969,0.03,-100,-0.0833
