header,h2_production_rate,potential,current,soc_fuel_outlet_mole_frac_comp_H2,makeup_feed_rate,sweep_feed_rate,feed_heater_duty,feed_heater_outlet_temperature,fuel_outlet_temperature,sweep_heater_duty,sweep_heater_outlet_temperature,sweep_outlet_temperature,stack_core_temperature,fuel_recycle_ratio,sweep_recycle_ratio,oxygen_out,hydrogen_in,vgr_recycle_ratio,condenser_heat_duty,condenser_hot_outlet_temperature,makeup_mole_frac_comp_H2,makeup_mole_frac_comp_H2O,h2_production_rate_controller_gain_p,h2_production_rate_controller_gain_i
minimum_H2,0.400000043,1.257411903,-38287830.21,0.748998246,264.9084214,500.0001007,1000006.173,903.6390388,893.2861834,1000011.96,908.9947859,890.0242401,890.2139599,1,1,0.338625144,0.374536573,0.00010001,-2734066.735,323.15,1.00E-14,0.999,200,0.167
maximum_H2,2,1.32068098,-191439151,0.748999944,1324.539104,2261.014098,1000001.349,941.6361049,986.1598647,1000004.661,969.5283316,985.7430137,993.2413343,1,1,0.350000009,0.374537422,0.00010001,-15547612.43,323.15,1.00E-14,0.999,200,0.167
power,-0.9191892,0.877196719,87984400,0.570713634,595.7763042,7128.706428,100000,956.284432,962.5134067,100000,935.852964,1012.860212,991.8707451,0.999999992,0.999999974,0.181215563,0.749393267,4.99999999,-27371480.23,323.15,0.969,0.03,-100,-0.0833
