header,h2_production_rate,potential,current,soc_fuel_outlet_mole_frac_comp_H2,makeup_feed_rate,sweep_feed_rate,feed_heater_duty,feed_heater_outlet_temperature,fuel_outlet_temperature,sweep_heater_duty,sweep_heater_outlet_temperature,sweep_outlet_temperature,stack_core_temperature,fuel_recycle_ratio,sweep_recycle_ratio,oxygen_out,hydrogen_in,vgr_recycle_ratio,condenser_heat_duty,condenser_hot_outlet_temperature,makeup_mole_frac_comp_H2,makeup_mole_frac_comp_H2O,h2_production_rate_controller_gain_p,h2_production_rate_controller_gain_i
minimum_H2,0.400000043,1.142513188,-38287830.21,0.748999375,264.9080222,1800.000044,1000020.515,947.7745706,943.5920336,9461230.6,965.7834145,922.9313784,929.6268112,1,1,0.248802005,0.374537137,0.00010001,-2702131.251,323.15,1.00E-14,0.999,200,0.167
maximum_H2,2,1.320661391,-191439151,0.748999944,1324.539104,2261.014098,1000001.35,941.4824918,985.9891318,1000004.672,969.363348,985.5734833,993.0692658,1,1,0.350000009,0.374537422,0.00010001,-15546107.03,323.15,1.00E-14,0.999,200,0.167
power,-0.9191892,0.878090475,87984400,0.573100355,597.1987338,7113.329194,100000,956.2701838,962.5875091,100000,935.8916806,1012.873127,991.9556343,0.999999992,0.999999974,0.181157085,0.75051229,4.99999999,-27403903.47,323.15,0.969,0.03,-100,-0.0833
neutral,-7.84E-16,1.01364237,-7.77E-11,0.640704083,630.5,4000,5486555.157,989.5309351,923.413804,9999997.07,921.3613701,938.1623563,927.7902693,1,1,0.2074,0.640704083,1,-16239129.36,323.15,0.499,0.5,0,0
soec_fifty_fifty,0.266974055,1.102420329,-25554643.18,0.598999958,1324.539104,301.8161733,5433119.233,961.5302786,925.7992605,1437668.732,994.3188948,934.906028,924.9498231,1,1,0.349999961,0.549013232,0.00010001,-23297960.31,323.15,0.499,0.5,200,0.167
sofc_fifty_fifty,-0.812500246,0.846865238,77772178.61,0.313480127,597.1987338,7231.169372,1000000.179,972.0349209,959.9195927,1000000.232,937.923127,1012.405774,987.323752,1,1,0.184679235,0.551270358,4.99999973,-29134216.93,323.15,0.749,0.25,-100,-0.0833
soec_no_current,9.56E-15,0.90454521,1.39E-14,0.099008797,1324.539104,500.0000813,2816129.063,922.9983854,923.0045231,1000007.726,923.0197617,923.000234,923.0018832,1,1,0.2074,0.099008797,0.00010001,-55757034.07,323.15,0.1,0.899,200,0.167
sofc_no_current,1.07E-15,1.075530361,-4.47E-13,0.899,597.1987338,500.0005073,1000000.241,942.2407257,941.9662018,1000000.241,941.0573028,941.9662018,941.8421965,1,1,0.2074,0.899,0.475391059,-2122551.964,323.15,0.9,0.099,-100,-0.0833
