header,h2_production_rate,potential,current,soc_fuel_outlet_mole_frac_comp_H2,makeup_feed_rate,sweep_feed_rate,feed_heater_duty,feed_heater_outlet_temperature,fuel_outlet_temperature,sweep_heater_duty,sweep_heater_outlet_temperature,sweep_outlet_temperature,stack_core_temperature,fuel_recycle_ratio,sweep_recycle_ratio,oxygen_out,hydrogen_in,vgr_recycle_ratio,condenser_heat_duty,condenser_hot_outlet_temperature,makeup_mole_frac_comp_H2,makeup_mole_frac_comp_H2O,h2_production_rate_controller_gain_p,h2_production_rate_controller_gain_i
minimum_H2,0.400000043,1.141922158,-38287830.21,0.748999402,264.9080126,500.0000943,1000060.544,957.5339578,953.7220215,5551430.778,1066.174445,923.3955989,930.5036167,1,1,0.338625145,0.374537151,0.00010001,-2791639.925,323.15,1.00E-14,0.999,200,0.167
maximum_H2,2,1.320661391,-191439151,0.748999944,1324.539104,2261.014098,1000001.35,941.4824918,985.9891318,1000004.672,969.363348,985.5734833,993.0692658,1,1,0.350000009,0.374537422,0.00010001,-15546107.03,323.15,1.00E-14,0.999,200,0.167
power,-0.9191892,0.877196719,87984400,0.570713634,595.7763042,7128.706428,100000,956.284432,962.5134067,100000,935.852964,1012.860212,991.8707451,0.999999992,0.999999974,0.181215563,0.749393267,4.99999999,-27371480.23,323.15,0.969,0.03,-100,-0.0833
